Corner,2095,447,output_00.png,2211,1871
Corner,2134,1458,output_00.png,2211,1871
Corner,671,1519,output_00.png,2211,1871
Corner,358,402,output_00.png,2211,1871
Corner,392,89,output_01.png,1936,1711
Corner,1439,41,output_01.png,1936,1711
Corner,1503,1599,output_01.png,1936,1711
Corner,499,1660,output_01.png,1936,1711
Corner,470,36,output_02.png,2119,1343
Corner,2032,104,output_02.png,2119,1343
Corner,2086,1268,output_02.png,2119,1343
Corner,545,1295,output_02.png,2119,1343
Corner,106,357,output_03.png,1843,1900
Corner,1731,391,output_03.png,1843,1900
Corner,1725,1435,output_03.png,1843,1900
Corner,117,1540,output_03.png,1843,1900
Corner,37,54,output_04.png,1824,1649
Corner,1710,89,output_04.png,1824,1649
Corner,1695,1204,output_04.png,1824,1649
Corner,76,1226,output_04.png,1824,1649
Corner,492,169,output_05.png,2171,1398
Corner,2082,109,output_05.png,2171,1398
Corner,2138,1327,output_05.png,2171,1398
Corner,580,1203,output_05.png,2171,1398
Corner,73,535,output_06.png,1974,1782
Corner,1799,391,output_06.png,1974,1782
Corner,1940,1548,output_06.png,1974,1782
Corner,121,1750,output_06.png,1974,1782
Corner,295,34,output_07.png,1974,1517
Corner,1866,161,output_07.png,1974,1517
Corner,1853,1467,output_07.png,1974,1517
Corner,32,1431,output_07.png,1974,1517
Corner,98,492,output_08.png,1456,2577
Corner,972,554,output_08.png,1456,2577
Corner,1064,2150,output_08.png,1456,2577
Corner,37,1989,output_08.png,1456,2577
Corner,221,286,output_09.png,1881,1712
Corner,1825,439,output_09.png,1881,1712
Corner,1667,1676,output_09.png,1881,1712
Corner,52,1502,output_09.png,1881,1712
Corner,76,39,output_10.png,2086,1434
Corner,1609,120,output_10.png,2086,1434
Corner,1523,1068,output_10.png,2086,1434
Corner,33,1032,output_10.png,2086,1434
Corner,92,566,output_11.png,1841,1956
Corner,1695,380,output_11.png,1841,1956
Corner,1768,1839,output_11.png,1841,1956
Corner,157,1912,output_11.png,1841,1956
Corner,90,423,output_12.png,1753,1969
Corner,1615,370,output_12.png,1753,1969
Corner,1624,1599,output_12.png,1753,1969
Corner,43,1540,output_12.png,1753,1969
Corner,159,398,output_13.png,1709,1960
Corner,1616,451,output_13.png,1709,1960
Corner,1680,1457,output_13.png,1709,1960
Corner,33,1504,output_13.png,1709,1960
Corner,458,369,output_14.png,2571,1902
Corner,2025,500,output_14.png,2571,1902
Corner,1976,1431,output_14.png,2571,1902
Corner,517,1425,output_14.png,2571,1902
Corner,520,107,output_15.png,2145,1311
Corner,2093,90,output_15.png,2145,1311
Corner,2112,1278,output_15.png,2145,1311
Corner,518,1272,output_15.png,2145,1311
Corner,1802,280,output_16.png,2441,1706
Corner,2026,1523,output_16.png,2441,1706
Corner,552,1670,output_16.png,2441,1706
Corner,396,578,output_16.png,2441,1706
Corner,1605,28,output_17.png,2164,1232
Corner,28,62,output_17.png,2164,1232
Corner,52,1178,output_17.png,2164,1232
Corner,1632,1098,output_17.png,2164,1232
Corner,276,144,output_18.png,1814,1856
Corner,1523,1709,output_18.png,1814,1856
Corner,437,1776,output_18.png,1814,1856
Corner,1340,55,output_18.png,1814,1856
Corner,56,65,output_19.png,1977,1672
Corner,1765,67,output_19.png,1977,1672
Corner,1838,1160,output_19.png,1977,1672
Corner,98,1288,output_19.png,1977,1672
Corner,36,118,output_20.png,1743,1515
Corner,1684,25,output_20.png,1743,1515
Corner,1704,936,output_20.png,1743,1515
Corner,90,1049,output_20.png,1743,1515
Corner,57,183,output_21.png,1856,1660
Corner,153,1231,output_21.png,1856,1660
Corner,1744,42,output_21.png,1856,1660
Corner,1816,1120,output_21.png,1856,1660
Corner,397,227,output_22.png,2576,1479
Corner,1850,27,output_22.png,2576,1479
Corner,2125,1040,output_22.png,2576,1479
Corner,589,1085,output_22.png,2576,1479
Corner,439,146,output_23.png,2523,1297
Corner,1957,33,output_23.png,2523,1297
Corner,1990,1096,output_23.png,2523,1297
Corner,483,1269,output_23.png,2523,1297
Corner,1936,1174,output_24.png,2384,1310
Corner,1843,31,output_24.png,2384,1310
Corner,494,106,output_24.png,2384,1310
Corner,513,1204,output_24.png,2384,1310
Corner,2060,1303,output_25.png,2256,1380
Corner,2140,33,output_25.png,2256,1380
Corner,445,206,output_25.png,2256,1380
Corner,598,1281,output_25.png,2256,1380
Corner,484,384,output_26.png,2136,1979
Corner,2061,493,output_26.png,2136,1979
Corner,2029,1571,output_26.png,2136,1979
Corner,461,1489,output_26.png,2136,1979
Corner,73,459,output_27.png,1923,1863
Corner,1758,323,output_27.png,1923,1863
Corner,1836,1410,output_27.png,1923,1863
Corner,106,1504,output_27.png,1923,1863
Corner,1221,502,output_28.png,1354,2671
Corner,1312,2153,output_28.png,1354,2671
Corner,96,2097,output_28.png,1354,2671
Corner,29,518,output_28.png,1354,2671
Corner,1803,1596,output_29.png,1919,1980
Corner,1865,437,output_29.png,1919,1980
Corner,80,423,output_29.png,1919,1980
Corner,83,1489,output_29.png,1919,1980
Corner,35,1366,output_30.png,1717,1872
Corner,97,397,output_30.png,1717,1872
Corner,1647,425,output_30.png,1717,1872
Corner,1597,1419,output_30.png,1717,1872
Corner,1910,534,output_31.png,2048,1824
Corner,1853,1737,output_31.png,2048,1824
Corner,159,1710,output_31.png,2048,1824
Corner,26,670,output_31.png,2048,1824
Corner,72,59,output_32.png,2276,1417
Corner,1683,195,output_32.png,2276,1417
Corner,1694,1380,output_32.png,2276,1417
Corner,61,1262,output_32.png,2276,1417
Corner,38,550,output_33.png,1390,2141
Corner,1294,460,output_33.png,1390,2141
Corner,1345,2007,output_33.png,1390,2141
Corner,44,2112,output_33.png,1390,2141
Corner,1880,1627,output_34.png,2364,1657
Corner,1811,455,output_34.png,2364,1657
Corner,463,443,output_34.png,2364,1657
Corner,483,1575,output_34.png,2364,1657
Corner,2332,212,output_35.png,2390,1254
Corner,570,46,output_35.png,2390,1254
Corner,479,1161,output_35.png,2390,1254
Corner,2370,1220,output_35.png,2390,1254
Corner,1665,1449,output_36.png,1802,1801
Corner,1730,505,output_36.png,1802,1801
Corner,321,269,output_36.png,1802,1801
Corner,42,1368,output_36.png,1802,1801
Corner,2201,39,output_37.png,2382,1371
Corner,2350,1153,output_37.png,2382,1371
Corner,538,1218,output_37.png,2382,1371
Corner,505,90,output_37.png,2382,1371
Corner,1009,2145,output_38.png,1280,2681
Corner,1190,636,output_38.png,1280,2681
Corner,225,476,output_38.png,1280,2681
Corner,69,2081,output_38.png,1280,2681
Corner,2192,1080,output_39.png,2667,1365
Corner,2085,29,output_39.png,2667,1365
Corner,440,225,output_39.png,2667,1365
Corner,597,1339,output_39.png,2667,1365
Corner,1950,1009,output_40.png,2080,1361
Corner,2046,77,output_40.png,2080,1361
Corner,547,28,output_40.png,2080,1361
Corner,486,919,output_40.png,2080,1361
Corner,1610,1483,output_41.png,1675,1746
Corner,1610,412,output_41.png,1675,1746
Corner,36,427,output_41.png,1675,1746
Corner,54,1319,output_41.png,1675,1746
Corner,1840,1352,output_42.png,2482,1375
Corner,2020,174,output_42.png,2482,1375
Corner,636,28,output_42.png,2482,1375
Corner,337,1313,output_42.png,2482,1375
Corner,1476,2168,output_43.png,1965,2214
Corner,1625,545,output_43.png,1965,2214
Corner,415,410,output_43.png,1965,2214
Corner,319,2003,output_43.png,1965,2214
Corner,1751,1614,output_44.png,1886,1727
Corner,1745,454,output_44.png,1886,1727
Corner,140,392,output_44.png,1886,1727
Corner,78,1603,output_44.png,1886,1727
Corner,1857,1680,output_45.png,1997,1711
Corner,1970,442,output_45.png,1997,1711
Corner,131,360,output_45.png,1997,1711
Corner,49,1491,output_45.png,1997,1711
Corner,1625,1655,output_46.png,1787,1912
Corner,1751,351,output_46.png,1787,1912
Corner,158,382,output_46.png,1787,1912
Corner,58,1450,output_46.png,1787,1912
Corner,1610,951,output_47.png,1667,1404
Corner,1601,40,output_47.png,1667,1404
Corner,34,96,output_47.png,1667,1404
Corner,214,947,output_47.png,1667,1404
Corner,1001,1704,output_48.png,1381,1727
Corner,890,57,output_48.png,1381,1727
Corner,31,62,output_48.png,1381,1727
Corner,47,1670,output_48.png,1381,1727
Corner,1196,2071,output_49.png,1248,2584
Corner,1131,509,output_49.png,1248,2584
Corner,85,501,output_49.png,1248,2584
Corner,124,2179,output_49.png,1248,2584
Corner,131,444,output_50.png,1872,1828
Corner,1781,391,output_50.png,1872,1828
Corner,1797,1569,output_50.png,1872,1828
Corner,59,1483,output_50.png,1872,1828
Corner,458,54,output_51.png,2060,1068
Corner,2010,37,output_51.png,2060,1068
Corner,2025,990,output_51.png,2060,1068
Corner,413,975,output_51.png,2060,1068
Corner,414,497,output_52.png,1840,2438
Corner,1392,475,output_52.png,1840,2438
Corner,1392,1824,output_52.png,1840,2438
Corner,402,1966,output_52.png,1840,2438
Corner,59,437,output_53.png,1338,2433
Corner,1217,533,output_53.png,1338,2433
Corner,1239,1925,output_53.png,1338,2433
Corner,81,1888,output_53.png,1338,2433
Corner,58,499,output_54.png,1298,2495
Corner,1240,553,output_54.png,1298,2495
Corner,1104,1964,output_54.png,1298,2495
Corner,84,1942,output_54.png,1298,2495
Corner,32,61,output_55.png,1355,2187
Corner,1151,72,output_55.png,1355,2187
Corner,1309,1664,output_55.png,1355,2187
Corner,96,1636,output_55.png,1355,2187
Corner,184,40,output_56.png,2199,1648
Corner,1755,94,output_56.png,2199,1648
Corner,1725,1114,output_56.png,2199,1648
Corner,134,1195,output_56.png,2199,1648
Corner,377,63,output_57.png,2566,1379
Corner,2035,42,output_57.png,2566,1379
Corner,2058,1258,output_57.png,2566,1379
Corner,435,1302,output_57.png,2566,1379
Corner,158,37,output_58.png,1898,1550
Corner,1710,220,output_58.png,1898,1550
Corner,1861,1368,output_58.png,1898,1550
Corner,86,1432,output_58.png,1898,1550
Corner,475,36,output_59.png,2626,1339
Corner,2191,137,output_59.png,2626,1339
Corner,2004,1305,output_59.png,2626,1339
Corner,561,1251,output_59.png,2626,1339
Corner,83,472,output_60.png,1337,2141
Corner,1303,594,output_60.png,1337,2141
Corner,1232,2100,output_60.png,1337,2141
Corner,183,2065,output_60.png,1337,2141
Corner,33,444,output_61.png,1955,1898
Corner,1859,396,output_61.png,1955,1898
Corner,1871,1410,output_61.png,1955,1898
Corner,139,1369,output_61.png,1955,1898
Corner,493,50,output_62.png,2554,1518
Corner,2102,81,output_62.png,2554,1518
Corner,1860,1211,output_62.png,2554,1518
Corner,469,1020,output_62.png,2554,1518
Corner,39,577,output_63.png,1251,2633
Corner,1065,543,output_63.png,1251,2633
Corner,1149,2180,output_63.png,1251,2633
Corner,42,2150,output_63.png,1251,2633
Corner,31,409,output_64.png,1072,2625
Corner,1011,452,output_64.png,1072,2625
Corner,1031,2130,output_64.png,1072,2625
Corner,101,2153,output_64.png,1072,2625
Corner,330,536,output_65.png,1587,2581
Corner,1395,487,output_65.png,1587,2581
Corner,1561,2026,output_65.png,1587,2581
Corner,575,2111,output_65.png,1587,2581
Corner,365,87,output_66.png,1673,1855
Corner,1536,73,output_66.png,1673,1855
Corner,524,1780,output_66.png,1673,1855
Corner,1640,1770,output_66.png,1673,1855
Corner,173,200,output_67.png,2150,1665
Corner,1783,129,output_67.png,2150,1665
Corner,1745,1220,output_67.png,2150,1665
Corner,72,1275,output_67.png,2150,1665
Corner,48,134,output_68.png,2100,1345
Corner,1515,35,output_68.png,2100,1345
Corner,1553,1189,output_68.png,2100,1345
Corner,38,1310,output_68.png,2100,1345
Corner,108,430,output_69.png,1665,1986
Corner,1589,530,output_69.png,1665,1986
Corner,1549,1579,output_69.png,1665,1986
Corner,101,1486,output_69.png,1665,1986
Corner,709,198,output_70.png,2225,1802
Corner,2187,488,output_70.png,2225,1802
Corner,2009,1560,output_70.png,2225,1802
Corner,437,1362,output_70.png,2225,1802
Corner,403,42,output_71.png,1647,2201
Corner,1548,36,output_71.png,1647,2201
Corner,1492,1747,output_71.png,1647,2201
Corner,386,1658,output_71.png,1647,2201
Corner,157,432,output_72.png,1864,2187
Corner,1810,429,output_72.png,1864,2187
Corner,1768,1628,output_72.png,1864,2187
Corner,60,1686,output_72.png,1864,2187
Corner,415,131,output_73.png,1698,1949
Corner,1468,59,output_73.png,1698,1949
Corner,1666,1828,output_73.png,1698,1949
Corner,516,1801,output_73.png,1698,1949
Corner,557,34,output_74.png,1739,1814
Corner,1708,191,output_74.png,1739,1814
Corner,1499,1731,output_74.png,1739,1814
Corner,305,1552,output_74.png,1739,1814
Corner,121,456,output_75.png,1393,2689
Corner,1367,606,output_75.png,1393,2689
Corner,1234,2090,output_75.png,1393,2689
Corner,94,2158,output_75.png,1393,2689
Corner,111,451,output_76.png,1271,2510
Corner,1233,515,output_76.png,1271,2510
Corner,1226,1998,output_76.png,1271,2510
Corner,41,1897,output_76.png,1271,2510
Corner,49,486,output_77.png,1058,2479
Corner,1028,348,output_77.png,1058,2479
Corner,981,2068,output_77.png,1058,2479
Corner,43,2002,output_77.png,1058,2479
Corner,495,66,output_78.png,1638,1693
Corner,1554,39,output_78.png,1638,1693
Corner,1599,1573,output_78.png,1638,1693
Corner,444,1605,output_78.png,1638,1693
Corner,107,441,output_79.png,1680,1452
Corner,1652,485,output_79.png,1680,1452
Corner,1627,1421,output_79.png,1680,1452
Corner,44,1390,output_79.png,1680,1452
Corner,192,51,output_80.png,1950,1768
Corner,1812,76,output_80.png,1950,1768
Corner,1855,1325,output_80.png,1950,1768
Corner,127,1155,output_80.png,1950,1768
Corner,44,606,output_81.png,1109,2818
Corner,904,564,output_81.png,1109,2818
Corner,1036,2383,output_81.png,1109,2818
Corner,126,2408,output_81.png,1109,2818
Corner,303,756,output_82.png,1548,2677
Corner,1401,552,output_82.png,1548,2677
Corner,1506,2108,output_82.png,1548,2677
Corner,462,2175,output_82.png,1548,2677
Corner,39,645,output_83.png,1572,2511
Corner,1129,470,output_83.png,1572,2511
Corner,1123,2037,output_83.png,1572,2511
Corner,122,2111,output_83.png,1572,2511
Corner,58,543,output_84.png,1322,2494
Corner,1264,603,output_84.png,1322,2494
Corner,1258,1945,output_84.png,1322,2494
Corner,36,1995,output_84.png,1322,2494
Corner,88,37,output_85.png,1926,1737
Corner,1818,40,output_85.png,1926,1737
Corner,1834,1304,output_85.png,1926,1737
Corner,116,1251,output_85.png,1926,1737
Corner,43,141,output_86.png,2118,1642
Corner,1633,52,output_86.png,2118,1642
Corner,1693,1137,output_86.png,2118,1642
Corner,111,1197,output_86.png,2118,1642
Corner,73,498,output_87.png,1400,2607
Corner,1261,426,output_87.png,1400,2607
Corner,1344,2030,output_87.png,1400,2607
Corner,123,2148,output_87.png,1400,2607
Corner,29,468,output_88.png,1896,1926
Corner,1852,439,output_88.png,1896,1926
Corner,1816,1470,output_88.png,1896,1926
Corner,170,1519,output_88.png,1896,1926
Corner,351,88,output_89.png,1596,2051
Corner,1522,39,output_89.png,1596,2051
Corner,1559,1573,output_89.png,1596,2051
Corner,538,1560,output_89.png,1596,2051
Corner,405,533,output_90.png,1568,2493
Corner,1500,435,output_90.png,1568,2493
Corner,1491,2020,output_90.png,1568,2493
Corner,462,2076,output_90.png,1568,2493
Corner,346,116,output_91.png,1737,2128
Corner,1402,65,output_91.png,1737,2128
Corner,1440,1519,output_91.png,1737,2128
Corner,402,1649,output_91.png,1737,2128
Corner,76,472,output_92.png,1902,1931
Corner,1728,364,output_92.png,1902,1931
Corner,1868,1427,output_92.png,1902,1931
Corner,39,1550,output_92.png,1902,1931
Corner,153,566,output_93.png,1399,2201
Corner,1363,549,output_93.png,1399,2201
Corner,1184,2131,output_93.png,1399,2201
Corner,131,2117,output_93.png,1399,2201
Corner,32,554,output_94.png,1383,2245
Corner,1271,531,output_94.png,1383,2245
Corner,1291,2094,output_94.png,1383,2245
Corner,157,2148,output_94.png,1383,2245
Corner,407,129,output_95.png,1983,1819
Corner,1542,37,output_95.png,1983,1819
Corner,1519,1600,output_95.png,1983,1819
Corner,467,1789,output_95.png,1983,1819
Corner,206,541,output_96.png,1470,2428
Corner,1430,516,output_96.png,1470,2428
Corner,1227,2244,output_96.png,1470,2428
Corner,182,2397,output_96.png,1470,2428
Corner,476,201,output_97.png,1937,1845
Corner,1506,84,output_97.png,1937,1845
Corner,1555,1719,output_97.png,1937,1845
Corner,480,1784,output_97.png,1937,1845
Corner,413,33,output_98.png,1662,2186
Corner,1606,191,output_98.png,1662,2186
Corner,1584,1821,output_98.png,1662,2186
Corner,366,1680,output_98.png,1662,2186
Corner,417,472,output_99.png,2116,1741
Corner,1990,370,output_99.png,2116,1741
Corner,2056,1388,output_99.png,2116,1741
Corner,608,1333,output_99.png,2116,1741
